upstream_ss,treatment,peak_name,peak,average_prop
A,100 nM Branaplam,Exon 49-50a-50,3,0.18515924567484884
A,100 nM Branaplam,Exon 49-50b,4,0.223443223944003
A,100 nM Branaplam,Exon 49-50,2,0.10544246616824449
A,100 nM Branaplam,Unspliced,6,0.4859550642129036
A,DMSO,Exon 49-50a-50,3,0
A,DMSO,Exon 49-50b,4,0
A,DMSO,Exon 49-50,2,0.599183487754237
A,DMSO,Unspliced,6,0.40081651224576303
C,100 nM Branaplam,Exon 49-50a-50,3,0.21994365288601508
C,100 nM Branaplam,Exon 49-50b,4,0.19244262905983683
C,100 nM Branaplam,Exon 49-50,2,0.1449785837011347
C,100 nM Branaplam,Unspliced,6,0.4426351343530134
C,DMSO,Exon 49-50a-50,3,0
C,DMSO,Exon 49-50b,4,0
C,DMSO,Exon 49-50,2,0.6156545891357489
C,DMSO,Unspliced,6,0.3843454108642511
G,100 nM Branaplam,Exon 49-50a-50,3,0.12652507413308003
G,100 nM Branaplam,Exon 49-50b,4,0.5864479659468816
G,100 nM Branaplam,Exon 49-50,2,0.28702695992003835
G,100 nM Branaplam,Unspliced,6,0
G,DMSO,Exon 49-50a-50,3,0
G,DMSO,Exon 49-50b,4,0
G,DMSO,Exon 49-50,2,0.9905299539596119
G,DMSO,Unspliced,6,0.009470046040388055
T,100 nM Branaplam,Exon 49-50a-50,3,0.11111524136136786
T,100 nM Branaplam,Exon 49-50b,4,0.1252027503116967
T,100 nM Branaplam,Exon 49-50,2,0.06874165588316641
T,100 nM Branaplam,Unspliced,6,0.6949403524437692
T,DMSO,Exon 49-50a-50,3,0
T,DMSO,Exon 49-50b,4,0
T,DMSO,Exon 49-50,2,0.47502306911667824
T,DMSO,Unspliced,6,0.5249769308833218
