sample,cell_line,treatment,peak_prop,snp
S-21-275,1,DMSO,1,rs79689511
S-21-276,1,DMSO,1,rs79689511
S-21-279,1,100,0.078645526,rs79689511
S-21-280,1,100,0.317474649,rs79689511
S-21-281,1,200,0.036273483,rs79689511
S-21-282,1,200,0.030899118,rs79689511
S-21-283,2,DMSO,1,rs772437678
S-21-284,2,DMSO,1,rs772437678
S-21-285,2,100,0.453052978,rs772437678
S-21-286,2,100,0.329314622,rs772437678
S-21-287,2,200,0.118896971,rs772437678
S-21-288,2,200,0.11777938,rs772437678
